,word,lemma1,lemma2,Sd15_Cosine,Sd15_CosRev0Score,Glo_Cosine,Glowca_CosRev0Score,location,episode,time,salience_1,salience_2,salience_3,salience_4,salience_13
0,episode,episode,begin,0.517954951155554,0.482045048844446,0.342392639477914,0.657607360522086,Cartoon World,1,1,0,0,0,0,0
1,began,begin,cartoon,0.811909551632956,0.188090448367044,0.18353982229062,0.81646017770938,Cartoon World,1,2,0,0,0,0,0
2,cartoon,cartoon,movie,0.862326021110671,0.137673978889329,0.536739554333414,0.463260445666586,Cartoon World,1,3,0,0,0,0,1
3,movie,movie,theater,0.973177523812425,0.0268224761875753,0.623139495242961,0.376860504757039,Cartoon World,1,4,0,0,0,0,1
4,theater,theater,specifically,0.780623977477284,0.219376022522716,0.263828801088728,0.736171198911272,Cartoon World,1,5,0,0,0,0,1
5,specifically,specifically,people,0.765274632637373,0.234725367362627,0.612455578008536,0.387544421991464,Cartoon World,1,6,0,0,0,0,0
6,people,people,snack,0.663478790869654,0.336521209130346,0.198647850586749,0.801352149413251,Cartoon World,1,7,0,0,0,0,1
7,snacks,snack,lobby,0.459311082308275,0.540688917691725,0.164506445954303,0.835493554045697,Cartoon World,1,8,0,0,0,0,1
8,lobby,lobby,jingle,0.493416660494817,0.506583339505183,0.0278581085256256,0.972141891474374,Cartoon World,1,9,0,0,0,0,1
9,jingle,jingle,everyone,0.604722897123335,0.395277102876665,0.0640721301921741,0.935927869807826,Cartoon World,1,10,0,0,0,0,1
10,everyone,everyone,lobby,0.856510110646449,0.143489889353551,0.382964495257659,0.617035504742341,Cartoon World,1,11,0,0,0,0,0
11,ourselves,ourselves,treat,0.533275366787864,0.466724633212136,0.453779368338112,0.546220631661888,Cartoon World,1,12,0,0,0,0,0
12,treat,treat,sparkle,-0.0996408682802258,1.09964086828023,0.12437216082516,0.87562783917484,Cartoon World,1,13,0,0,0,0,0
13,sparkling,sparkle,drink,0.375833165491896,0.624166834508104,0.157996278299057,0.842003721700943,Cartoon World,1,14,0,0,0,0,0
14,drinks,drink,neat,0.515659038760716,0.484340961239284,0.188891951014393,0.811108048985607,Cartoon World,1,15,0,0,0,0,1
15,neat,neat,chocolate,0.812348708212425,0.187651291787575,0.200952654961495,0.799047345038505,Cartoon World,1,16,0,0,0,0,0
16,chocolate,chocolate,candy,0.987247668923615,0.0127523310763852,0.616851340812124,0.383148659187876,Cartoon World,1,17,0,0,0,0,1
17,candy,candy,bar,0.644871488452371,0.355128511547629,0.447945800269038,0.552054199730962,Cartoon World,1,18,0,0,0,0,1
18,bars,bar,popcorn,0.662018549752136,0.337981450247864,0.234075553692479,0.765924446307521,Cartoon World,1,19,0,0,0,0,1
19,popcorn,popcorn,picture,0.578140433484631,0.421859566515369,0.152911750458939,0.847088249541061,Cartoon World,1,20,0,0,0,0,1
20,picture,picture,popcorn,0.578140433484631,0.421859566515369,0.152911750458939,0.847088249541061,Cartoon World,1,21,0,0,0,0,1
21,started,start,life,0.832767413962494,0.167232586037506,0.64132848079508,0.35867151920492,Cartoon World,1,22,0,0,0,0,0
22,life,life,size,0.64184653144402,0.35815346855598,0.497328778873126,0.502671221126874,Cartoon World,1,23,0,0,0,0,0
23,size,size,version,0.787883422726912,0.212116577273088,0.473341553337245,0.526658446662755,Cartoon World,1,24,0,0,0,0,0
24,versions,version,treat,0.319349178678662,0.680650821321338,0.284688019739989,0.715311980260011,Cartoon World,1,25,0,0,0,0,0
25,treats,treat,walk,0.521627300231662,0.478372699768338,0.444911044894725,0.555088955105275,Cartoon World,1,26,0,0,0,0,0
26,walking,walk,stage,0.755057993552392,0.244942006447608,0.497860980124061,0.502139019875939,Cartoon World,1,27,0,0,0,0,0
27,stage,stage,picture,0.899845776493022,0.100154223506978,0.483667253183609,0.516332746816391,Cartoon World,1,28,0,0,0,0,0
28,family,family,eat,0.536308578328219,0.463691421671781,0.462229438133888,0.537770561866112,Cartoon World,1,29,0,0,0,0,1
29,eating,eat,movie,0.399559195533361,0.600440804466639,0.306899236202524,0.693100763797476,Cartoon World,1,30,0,0,0,0,0
30,ended,end,picture,0.282923941717384,0.717076058282616,0.586567409105365,0.413432590894635,Cartoon World,1,31,0,0,0,0,0
31,slogan,slogan,let,0.648428979717691,0.351571020282309,0.233276646932612,0.766723353067388,Cartoon World,1,32,0,0,0,0,0
32,lets,let,lobby,0.714183659927324,0.285816340072676,0.329176373472705,0.670823626527295,Cartoon World,1,33,0,0,0,0,0
33,war,war,scene,0.33797528178802,0.66202471821198,0.477155845929856,0.522844154070144,Afghanistan,2,34,0,0,0,0,1
34,scene,scene,we,0.870568925344413,0.129431074655587,0.550846204013953,0.449153795986047,Afghanistan,2,35,0,0,0,0,0
35,we,we,soldier,0.891795817892117,0.108204182107883,0.371958903516829,0.628041096483171,Afghanistan,2,36,0,0,0,0,0
36,soldiers,soldier,green,0.701204533076498,0.298795466923502,0.223304135606985,0.776695864393015,Afghanistan,2,37,0,0,0,0,1
37,green,green,army,0.729419762761877,0.270580237238123,0.330509009821779,0.669490990178221,Afghanistan,2,38,0,0,0,0,0
38,army,army,green,0.729419762761877,0.270580237238123,0.330509009821779,0.669490990178221,Afghanistan,2,39,0,0,0,0,1
39,shooting,shoot,loud,0.57403642339956,0.42596357660044,0.298602171421757,0.701397828578243,Afghanistan,2,40,0,0,0,0,1
40,loud,loud,noise,0.961964220176243,0.0380357798237569,0.664312381228516,0.335687618771484,Afghanistan,2,41,0,0,0,0,1
41,noises,noise,last,0.399991666147426,0.600008333852574,0.320762634519681,0.679237365480319,Afghanistan,2,42,0,0,0,0,1
42,lasted,last,fifteen,0.882846854208299,0.117153145791701,0.578143128431162,0.421856871568838,Afghanistan,2,43,0,0,0,0,0
43,fifteen,fifteen,twenty,0.950496077272943,0.0495039227270574,0.919201807972728,0.080798192027272,Afghanistan,2,44,0,0,0,0,0
44,twenty,twenty,second,0.815659836231651,0.184340163768349,0.668777390205832,0.331222609794168,Afghanistan,2,45,0,0,0,0,0
45,seconds,second,john,0.773311479956129,0.226688520043871,0.53335448647616,0.46664551352384,Afghanistan,2,46,0,0,0,0,0
46,opens,open,john,0.823053578584189,0.176946421415811,0.422607367720931,0.577392632279069,John's Room,2,48,0,0,0,0,0
47,dream,dream,his,0.565984682896532,0.434015317103468,0.52998763299842,0.47001236700158,John's Room,2,49,1,0,0,0,0
48,his,his,time,0.669079258497757,0.330920741502243,0.789307524291784,0.210692475708216,John's Room,2,50,0,0,0,0,0
49,beginning,begin,horror,0.111156802376995,0.888843197623005,0.273565830459102,0.726434169540898,Afghanistan,2,51,0,0,0,1,0
50,horror,horror,scene,0.0621373321912481,0.937862667808752,0.520508000938884,0.479491999061116,Afghanistan,2,52,0,1,0,0,0
51,he,he,experience,0.598840473678168,0.401159526321832,0.616021219005454,0.383978780994546,Afghanistan,2,54,0,0,0,0,0
52,experiencing,experience,turmoil,-0.12094401306174,1.12094401306174,0.33084149291448,0.66915850708552,Afghanistan,2,55,0,0,0,0,0
53,turmoil,turmoil,trauma,0.905000447688674,0.0949995523113262,0.293325528302027,0.706674471697973,Afghanistan,2,56,0,1,0,0,0
54,trauma,trauma,violence,0.934762358034857,0.0652376419651433,0.448342486816605,0.551657513183395,Afghanistan,2,57,0,1,0,0,0
55,violence,violence,he,0.604261594709791,0.395738405290209,0.41155544541923,0.58844455458077,Afghanistan,2,58,0,1,0,0,0
56,starts,start,man,0.865430759580325,0.134569240419675,0.561669184258368,0.438330815741632,Afghanistan,2,59,0,0,0,0,0
57,man,man,lot,0.860754778631942,0.139245221368058,0.661514882932725,0.338485117067275,Afghanistan,2,60,0,0,0,0,0
58,lot,lot,flashback,0.653235706948013,0.346764293051987,0.105146793198231,0.894853206801769,Afghanistan,2,61,0,0,0,0,0
59,flashbacks,flashback,set,0.436833030963429,0.563166969036571,0.137229523674341,0.862770476325659,Afghanistan,2,62,0,0,1,1,0
60,set,set,flashback,0.436833030963429,0.563166969036571,0.137229523674341,0.862770476325659,Afghanistan,2,63,0,0,0,0,0
61,sort,sort,jump,0.75620310216628,0.24379689783372,0.417269005109046,0.582730994890954,Afghanistan,2,65,0,0,0,0,0
62,jumps,jump,flashback,0.714233772275487,0.285766227724513,0.0672504252362658,0.932749574763734,Afghanistan,2,66,0,0,0,0,0
63,combat,combat,man,0.687140549402891,0.312859450597109,0.368737278695689,0.631262721304311,Afghanistan,2,67,0,0,1,0,0
64,begins,begin,bunch,0.755561061913257,0.244438938086743,0.351953087199555,0.648046912800445,Afghanistan,2,69,0,0,0,0,0
65,bunch,bunch,soldier,0.866244157041034,0.133755842958966,0.209932180976089,0.790067819023911,Afghanistan,2,70,0,0,0,0,0
66,guess,guess,kind,0.664218118848171,0.335781881151829,0.777292653995451,0.222707346004549,Afghanistan,2,72,0,0,0,0,0
67,kind,kind,sandy,0.474296448305796,0.525703551694203,0.311287187524028,0.688712812475972,Afghanistan,2,73,0,0,0,0,0
68,sandy,sandy,area,0.798820723900813,0.201179276099187,0.430341655613216,0.569658344386784,Afghanistan,2,74,0,0,0,1,0
69,area,area,come,0.620318933498867,0.379681066501133,0.57502324826999,0.42497675173001,Afghanistan,2,75,0,0,0,1,0
70,coming,come,fire,0.47579149735239,0.52420850264761,0.586928743106035,0.413071256893965,Afghanistan,2,76,0,0,0,0,0
71,fire,fire,bounce,0.68793722862666,0.31206277137334,0.205812513536639,0.79418748646336,Afghanistan,2,77,0,0,0,1,0
72,bounces,bounce,bite,0.760423079696066,0.239576920303934,0.259238748072997,0.740761251927003,Afghanistan,2,78,0,0,0,0,0
73,bit,bite,war,0.541942780117418,0.458057219882582,0.164064365943002,0.835935634056998,Afghanistan,2,79,0,0,0,0,0
74,documentary,documentary,suddenly,0.676444093647022,0.323555906352978,0.155241620502023,0.844758379497976,Afghanistan,2,81,0,0,0,0,0
75,suddenly,suddenly,clip,0.633278093514071,0.366721906485929,0.265364495919729,0.734635504080271,Afghanistan,2,82,0,0,0,0,0
76,time,time,combat,0.297007509764762,0.702992490235238,0.395473315886821,0.604526684113179,John's Room,3,83,0,0,0,0,0
77,woke,wake,he,0.777216581136904,0.222783418863096,0.535070639943861,0.464929360056139,John's Room,3,84,0,1,0,0,0
78,dreams,dream,shortly,0.418515621356655,0.581484378643345,0.398737546213141,0.601262453786859,John's Room,3,86,0,1,0,1,0
79,room,room,room,1,-2.22044604925031E-16,1,-4.44089209850063E-16,John's Room,3,87,0,0,1,1,0
80,bare,bare,he,0.812669195259497,0.187330804740503,0.399189291763508,0.600810708236492,John's Room,3,89,0,0,0,0,0
81,laying,lay,bed,0.8180604360384,0.1819395639616,0.676724154726871,0.323275845273129,John's Room,3,91,0,0,1,1,1
82,bed,bed,he,0.758720853391389,0.241279146608611,0.582154992133808,0.417845007866192,John's Room,3,92,0,0,1,0,0
83,trouble,trouble,memory,0.0012293559755628,0.998770644024437,0.416188583096432,0.583811416903568,John's Room,3,93,0,0,1,0,0
84,memories,memory,they,0.486593128240283,0.513406871759717,0.45642285185307,0.54357714814693,John's Room,3,94,0,0,1,0,0
85,they,they,bother,0.604354136557278,0.395645863442722,0.532487528009752,0.467512471990248,John's Room,3,95,0,0,0,0,0
86,bothering,bother,him,0.551408071416221,0.448591928583779,0.550180975271866,0.449819024728134,John's Room,3,96,0,0,1,0,0
87,him,him,flash,0.735561601381901,0.264438398618099,0.359288038646433,0.640711961353567,John's Room,3,97,0,0,0,0,0
88,flashes,flash,you,0.62265125348713,0.37734874651287,0.419761179104822,0.580238820895178,John's Room,3,98,0,0,0,0,0
89,clips,clip,jump,0.739605949444668,0.260394050555332,0.343404161283385,0.656595838716615,John's Room,3,99,0,0,0,0,0
90,dark,dark,room,0.398022903451893,0.601977096548107,0.637540880228752,0.362459119771248,John's Room,3,104,0,0,0,1,0
91,tiny,tiny,bed,0.93802964882323,0.0619703511767697,0.51674114376243,0.48325885623757,John's Room,3,106,0,0,0,1,0
92,small,small,desk,0.951410065658006,0.0485899343419941,0.440636058358351,0.559363941641649,John's Room,3,107,0,0,0,0,0
93,desk,desk,leave,0.574729120048854,0.425270879951146,0.461370835217305,0.538629164782695,John's Room,3,108,0,0,0,1,0
94,left,leave,dream,-0.260723105444037,1.26072310544404,0.49807196462884,0.50192803537116,John's Room,3,109,0,0,0,0,0
95,ends,end,he,0.454418654182691,0.545581345817309,0.775127326830425,0.224872673169575,John's Room,3,111,0,0,0,0,0
96,bolts,bolt,upright,0.805282294241245,0.194717705758755,0.518559086271322,0.481440913728678,John's Room,3,112,0,0,0,0,0
97,upright,upright,essentially,0.741915859784982,0.258084140215018,0.228047278085263,0.771952721914737,John's Room,3,113,0,0,0,0,0
98,essentially,essentially,scene,0.774899328091113,0.225100671908887,0.397473403281525,0.602526596718475,John's Room,3,114,0,0,0,0,0
99,focuses,focus,him,0.861160721830289,0.138839278169711,0.510679065345653,0.489320934654347,John's Room,3,116,0,0,0,0,0
100,you,you,his,0.845877241355487,0.154122758644513,0.735100473125701,0.264899526874299,John's Room,3,118,0,0,0,0,0
101,character,character,wake,0.673599655964559,0.326400344035441,0.248810198217537,0.751189801782463,John's Room,3,120,0,0,0,0,0
102,wakes,wake,he,0.777216581136904,0.222783418863096,0.535070639943861,0.464929360056139,John's Room,3,121,0,0,0,0,0
103,sleeping,sleep,he,0.586016524043939,0.413983475956061,0.463219689457161,0.536780310542839,John's Room,3,123,0,0,0,0,1
104,sits,sit,frustrate,0.288949821408678,0.711050178591322,0.0629541004769531,0.937045899523047,John's Room,3,124,0,0,0,0,1
105,frustrated,frustrate,scene,0.192896899403643,0.807103100596357,-0.0579846936273123,1.05798469362731,John's Room,3,125,0,0,0,0,1
106,sitting,sit,bed,0.910527105979192,0.0894728940208083,0.658266034042918,0.341733965957082,John's Room,3,127,0,0,0,0,0
107,morning,morning,sit,0.819222907396953,0.180777092603047,0.589320003718784,0.410679996281216,John's Room,3,129,0,0,0,0,1
108,smiling,smile,his,0.687977361036866,0.312022638963134,0.526641655824526,0.473358344175474,John's Room,3,131,0,0,0,0,0
109,hands,hand,him,0.770850825697147,0.229149174302853,0.791893530564017,0.208106469435983,John's Room,3,132,0,0,0,0,1
110,apple,apple,coffee,0.953028033844587,0.0469719661554125,0.357315205089052,0.642684794910948,John's Room,3,134,0,0,0,0,1
111,coffee,coffee,mug,0.412888560849101,0.587111439150899,0.517300370783294,0.482699629216706,John's Room,3,135,0,0,0,0,1
112,doctor,doctor,sign,0.780187864315948,0.219812135684052,0.399001708976755,0.600998291023245,John's Room,3,136,0,0,0,0,1
113,sign,sign,military,0.829829355697786,0.170170644302214,0.343250183829315,0.656749816170685,John's Room,3,137,0,0,0,0,0
114,military,military,doctor,0.970658846149386,0.0293411538506143,0.263827211829036,0.736172788170964,John's Room,3,138,0,0,0,0,1
115,doctors,doctor,emblem,0.647496748524453,0.352503251475547,0.0120272034990295,0.98797279650097,John's Room,3,139,0,0,0,0,1
116,emblem,emblem,he,0.610554469387818,0.389445530612182,0.161274639078436,0.838725360921564,John's Room,3,140,0,0,0,0,0
117,personal,personal,blog,0.610675282147972,0.389324717852028,0.490974973966982,0.509025026033018,John's Room,3,142,0,0,0,0,0
118,blog,blog,screen,0.756840240712396,0.243159759287604,0.303922436244069,0.696077563755931,John's Room,3,143,0,0,0,0,1
119,screen,screen,empty,0.741356444320664,0.258643555679336,0.424164907243814,0.575835092756186,John's Room,3,144,0,0,0,0,0
120,empty,empty,switch,0.667213380167237,0.332786619832763,0.294833797858761,0.705166202141239,John's Room,3,145,0,0,0,0,0
121,gun,gun,cut,0.854013064953336,0.145986935046664,0.410779583745123,0.589220416254877,John's Room,4,149,1,0,0,1,0
122,cuts,cut,scene,0.540795157236594,0.459204842763406,0.435571355203491,0.564428644796509,John's Room,4,150,0,0,0,0,0
123,sit,sit,he,0.835842949052761,0.164157050947239,0.582284630528431,0.417715369471569,John's Room,4,153,0,0,1,0,0
124,limping,limp,cane,0.839949535513309,0.160050464486691,0.235475998715828,0.764524001284172,John's Room,4,154,0,0,0,0,0
125,cane,cane,his,0.771323464179821,0.228676535820179,0.280812464903397,0.719187535096603,John's Room,4,155,0,0,1,0,1
126,leg,leg,injure,0.572992893051749,0.427007106948251,0.170020382536556,0.829979617463444,John's Room,4,157,0,0,1,0,0
127,injured,injure,sort,0.522737919172728,0.477262080827272,0.0682550889405381,0.931744911059462,John's Room,4,158,0,0,1,0,0
128,laps,lap,he,0.718523457494728,0.281476542505272,0.428739555103801,0.571260444896199,John's Room,4,160,0,0,0,0,0
129,spends,spend,day,0.893223447465494,0.106776552534506,0.669552843568025,0.330447156431975,John's Room,4,161,0,0,0,1,0
130,day,day,focus,0.866251870984767,0.133748129015233,0.544977362694081,0.455022637305919,John's Room,4,162,0,0,0,1,0
131,laptop,laptop,blog,0.785678806454148,0.214321193545852,0.232365164318492,0.767634835681508,John's Room,4,165,0,0,0,1,0
132,written,write,blog,0.727503620082955,0.272496379917045,0.624274008395022,0.375725991604978,John's Room,4,167,0,0,0,0,0
133,taking,take,his,0.634527318592441,0.365472681407559,0.730002746859126,0.269997253140874,John's Room,4,168,0,0,0,0,0
134,computer,computer,desk,0.666017733133416,0.333982266866584,0.489202384803537,0.510797615196463,John's Room,4,169,0,0,0,0,0
135,underneath,underneath,scene,0.687732057639353,0.312267942360647,0.307305773204481,0.692694226795519,John's Room,4,172,0,0,0,0,0
136,visible,visible,bedroom,0.761944912573918,0.238055087426082,0.207592158243076,0.792407841756924,John's Room,4,174,0,0,0,0,0
137,bedroom,bedroom,scene,0.832382449958654,0.167617550041346,0.448902601419335,0.551097398580665,John's Room,4,175,0,0,0,0,1
138,rectangular,rectangular,pretty,0.69035848752114,0.30964151247886,0.194364360928868,0.805635639071132,John's Room,4,177,0,0,0,0,1
139,nondescript,nondescript,therapist,0.744811581225698,0.255188418774302,0.0064505154892099,0.99354948451079,John's Room,4,179,0,0,0,0,0
140,therapist,therapist,he,0.880342268266564,0.119657731733436,0.278031852779709,0.721968147220291,Psychotherapist's Office,5,181,1,1,1,0,1
141,trust,trust,point,0.452129788412012,0.547870211587988,0.496437106821878,0.503562893178122,Psychotherapist's Office,5,182,1,0,0,1,0
142,point,point,we,0.875808762405126,0.124191237594874,0.787574264986191,0.212425735013809,Psychotherapist's Office,5,183,0,0,0,0,0
143,shortly,shortly,he,0.880098420254534,0.119901579745466,0.548314921042464,0.451685078957536,Psychotherapist's Office,5,184,0,0,0,0,0
144,office,office,therapist,0.728122321675921,0.271877678324079,0.300928782618784,0.699071217381216,Psychotherapist's Office,5,185,0,1,0,0,1
145,talking,talk,his,0.607411010038956,0.392588989961044,0.644936763735791,0.355063236264209,Psychotherapist's Office,5,187,0,0,0,0,0
146,mental,mental,health,0.871697739611896,0.128302260388104,0.653683497911428,0.346316502088572,Psychotherapist's Office,5,189,0,1,0,0,0
147,health,health,remember,0.717025535785616,0.282974464214384,0.410773836678027,0.589226163321973,Psychotherapist's Office,5,190,0,1,0,0,0
148,remember,remember,they,0.551928904115979,0.448071095884021,0.782572599010633,0.217427400989367,Psychotherapist's Office,5,191,0,0,0,0,0
149,talked,talk,she,0.587452614124671,0.412547385875329,0.728083469133717,0.271916530866283,Psychotherapist's Office,5,193,0,0,0,0,0
150,she,she,think,0.680086367476043,0.319913632523957,0.771657148490069,0.228342851509931,Psychotherapist's Office,5,194,0,0,0,0,0
151,thought,think,he,0.650080372729206,0.349919627270794,0.819743743193579,0.180256256806421,Psychotherapist's Office,5,195,0,0,0,0,0
152,things,thing,bite,0.781580215425705,0.218419784574295,0.43594950735932,0.56405049264068,Psychotherapist's Office,5,196,0,0,0,0,0
153,fuzzy,fuzzy,point,0.749844134111733,0.250155865888267,0.208979609484487,0.791020390515513,Psychotherapist's Office,5,198,0,0,0,0,0
154,woman,woman,she,0.843317656021005,0.156682343978995,0.834229971439639,0.165770028560361,Psychotherapist's Office,5,201,0,0,1,0,0
155,find,find,he,0.769417420734069,0.230582579265931,0.752226026365405,0.247773973634595,Psychotherapist's Office,5,206,0,0,0,0,0
156,start,start,talk,0.758216146754987,0.241783853245013,0.707619992736949,0.292380007263051,Psychotherapist's Office,5,209,0,0,0,0,0
157,tells,tell,him,0.736357748389967,0.263642251610033,0.820497170856193,0.179502829143807,Psychotherapist's Office,5,211,0,0,0,0,0
158,write,write,write,1,-2.22044604925031E-16,1,0,Psychotherapist's Office,5,212,0,0,1,0,0
159,experiences,experience,story,0.533664883751945,0.466335116248055,0.631138474937775,0.368861525062225,Psychotherapist's Office,5,213,0,0,0,0,0
160,story,story,he,0.763738983437658,0.236261016562342,0.67607682908431,0.32392317091569,Psychotherapist's Office,5,214,0,0,1,0,0
161,them,them,jump,0.750956765151405,0.249043234848595,0.496163793184821,0.503836206815178,Psychotherapist's Office,5,215,0,0,0,0,0
162,couch,couch,chair,0.972992603816603,0.0270073961833971,0.659584701380815,0.340415298619185,Psychotherapist's Office,5,216,0,0,0,1,0
163,chair,chair,talk,0.375623104471284,0.624376895528716,0.438001007990521,0.561998992009479,Psychotherapist's Office,5,217,0,0,0,0,0
164,psychiatrist,psychiatrist,psychiatrist,1,-2.22044604925031E-16,1,2.22044604925031E-16,Psychotherapist's Office,5,219,0,0,0,1,1
165,psychiatrists,psychiatrist,ask,0.679337180062261,0.320662819937739,0.319128080007769,0.680871919992231,Psychotherapist's Office,5,220,0,0,0,0,0
166,asks,ask,him,0.71899268872352,0.28100731127648,0.746117454899581,0.253882545100419,Psychotherapist's Office,5,221,0,0,0,0,0
167,berates,berate,him,0.607330780015086,0.392669219984914,0.0968821987318231,0.903117801268177,Psychotherapist's Office,5,223,0,0,0,0,0
168,situation,situation,bite,0.700601935100345,0.299398064899655,0.210810853380323,0.789189146619677,Psychotherapist's Office,5,224,0,0,0,0,0
169,confrontation,confrontation,trust,-0.339013275944735,1.33901327594474,0.162377069894854,0.837622930105146,Psychotherapist's Office,5,225,0,0,0,1,0
170,issues,issue,them,0.771198594667314,0.228801405332686,0.590076576866275,0.409923423133725,Psychotherapist's Office,5,227,0,0,0,1,0
171,switches,switch,psychiatrist,0.607616331757137,0.392383668242863,-0.0067493612370659,1.00674936123707,Psychotherapist's Office,5,229,0,0,0,0,1
172,therapists,therapist,office,0.728122321675921,0.271877678324079,0.300928782618784,0.699071217381216,Psychotherapist's Office,5,231,0,0,0,0,1
173,suggests,suggest,him,0.627455622784886,0.372544377215114,0.494610620296558,0.505389379703442,Psychotherapist's Office,5,236,0,0,0,0,0
174,your,your,blog,0.674342577562705,0.325657422437295,0.591164991997394,0.408835008002606,Psychotherapist's Office,5,237,0,0,0,0,0
175,haven,haven,write,0.634947141396744,0.365052858603256,0.186310964360249,0.813689035639751,Psychotherapist's Office,5,238,0,0,0,0,0
176,wrote,write,trust,0.218610886647967,0.781389113352033,0.451711273909022,0.548288726090978,Psychotherapist's Office,5,240,0,0,0,0,0
177,reading,read,my,0.636059426113018,0.363940573886982,0.708661184421663,0.291338815578337,Psychotherapist's Office,5,243,0,0,0,0,0
178,my,my,write,0.858507699895232,0.141492300104768,0.627543456652799,0.372456543347201,Psychotherapist's Office,5,244,0,0,0,0,0
179,writing,write,upside,0.637392009639012,0.362607990360988,0.181594092117158,0.818405907882842,Psychotherapist's Office,5,245,0,0,0,0,0
180,upside,upside,my,0.692039955480876,0.307960044519124,0.355900295694145,0.644099704305855,Psychotherapist's Office,5,246,0,0,0,0,0
181,paper,paper,he,0.766769249492838,0.233230750507162,0.522999231374271,0.477000768625729,Psychotherapist's Office,5,247,0,0,0,0,1
182,notepad,notepad,he,0.566895213420585,0.433104786579415,0.101223205379207,0.898776794620793,Psychotherapist's Office,5,248,0,0,0,0,1
183,takes,take,place,0.814551036069316,0.185448963930684,0.793501950243028,0.206498049756972,London Railway Station,7,250,0,0,0,0,0
184,place,place,october,0.725653649638317,0.274346350361683,0.524457056627781,0.475542943372219,London Railway Station,7,251,0,0,1,0,0
185,october,october,man,0.860331410241935,0.139668589758065,0.447797917524805,0.552202082475195,London Railway Station,7,252,0,0,1,0,0
186,phone,phone,jump,0.688293083553405,0.311706916446595,0.31626506325074,0.68373493674926,London Railway Station,7,253,0,0,1,1,1
187,jumping,jump,them,0.750956765151405,0.249043234848595,0.496163793184821,0.503836206815178,London Railway Station,7,254,0,0,0,0,0
188,clear,clear,they,0.62548803087398,0.37451196912602,0.712256837466214,0.287743162533786,London Railway Station,7,255,0,0,0,0,0
189,affair,affair,clear,0.823237347007078,0.176762652992922,0.300453625712756,0.699546374287244,London Railway Station,7,256,0,0,1,0,0
190,prior,prior,introduction,0.766593840162829,0.233406159837171,0.550506698463806,0.449493301536194,London Railway Station,7,257,0,0,0,0,0
191,introduction,introduction,killing,0.191660279978063,0.808339720021937,0.205307839938306,0.794692160061694,London Railway Station,7,258,0,0,0,1,0
192,killings,killing,scene,0.385176035127019,0.614823964872981,0.440260991557535,0.559739008442465,London Railway Station,7,259,0,0,0,1,0
193,businessman,businessman,walk,0.678145891663758,0.321854108336242,0.186820205230237,0.813179794769763,London Railway Station,7,260,0,0,0,1,0
194,train,train,station,0.8302564036878,0.1697435963122,0.655187269532842,0.344812730467158,London Railway Station,7,261,0,0,0,1,0
195,station,station,phone,0.856544456365941,0.143455543634059,0.449824909505589,0.550175090494411,London Railway Station,7,262,0,0,0,1,0
196,secretary,secretary,she,0.768334258013382,0.231665741986618,0.350783611227797,0.649216388772203,London Railway Station,7,264,0,0,0,1,0
197,loves,love,him,0.572335664667812,0.427664335332188,0.70541473644671,0.29458526355329,London Railway Station,7,265,0,0,0,1,0
198,basically,basically,he,0.58948245193925,0.41051754806075,0.632318140205872,0.367681859794128,London Railway Station,7,268,0,0,0,0,0
199,cab,cab,she,0.863650698611015,0.136349301388985,0.306051194381584,0.693948805618416,London Railway Station,7,269,0,0,0,0,1
200,secretly,secretly,he,0.759245580996539,0.240754419003461,0.4267295465694,0.5732704534306,London Railway Station,7,271,0,0,0,0,1
201,strange,strange,place,0.648044394629365,0.351955605370635,0.592823301363054,0.407176698636946,Empty Office Building,8,272,0,0,1,0,0
202,high,high,build,0.764493877556066,0.235506122443934,0.547483553989102,0.452516446010898,Empty Office Building,8,273,0,0,1,0,0
203,building,build,he,0.631423391005487,0.368576608994513,0.481992806953926,0.518007193046074,Empty Office Building,8,274,0,0,1,1,0
204,jar,jar,pretty,0.648120345415605,0.351879654584395,0.217273579803192,0.782726420196808,Empty Office Building,8,276,0,0,1,0,0
205,pretty,pretty,large,0.785719240648019,0.214280759351981,0.544516864300931,0.455483135699069,Empty Office Building,8,277,0,0,0,0,0
206,large,large,pill,0.804311695222672,0.195688304777328,0.156693529120598,0.843306470879402,Empty Office Building,8,278,0,0,0,0,0
207,pills,pill,pill,1,-2.22044604925031E-16,1,3.33066907387547E-16,Empty Office Building,8,279,0,0,1,1,0
208,swallows,swallow,them,0.602758498223177,0.397241501776823,0.354006773171591,0.645993226828409,Empty Office Building,8,280,0,0,1,0,0
209,pour,pour,he,0.737895690455019,0.262104309544981,0.190474556473453,0.809525443526547,Empty Office Building,8,281,0,0,0,0,0
210,rise,rise,build,0.721766227778469,0.278233772221531,0.47569353330772,0.52430646669228,Empty Office Building,8,284,0,0,0,1,0
211,seemingly,seemingly,take,0.213008584105166,0.786991415894834,0.397575751881159,0.602424248118841,Empty Office Building,8,286,0,0,0,0,0
212,pill,pill,curl,0.810631658541817,0.189368341458183,0.114404788597308,0.885595211402692,Empty Office Building,8,287,0,0,0,1,1
213,curled,curl,window,0.932037690434744,0.0679623095652556,0.225459483353953,0.774540516646047,London,8,288,0,0,0,0,0
214,window,window,sort,0.950746483412851,0.0492535165871493,0.494201910437835,0.505798089562165,London,8,289,0,0,0,0,0
215,news,news,bulletin,0.926056701079278,0.0739432989207218,0.398109120102133,0.601890879897867,London,8,290,0,0,0,1,0
216,bulletin,bulletin,his,0.841280160802823,0.158719839197177,0.150344930341639,0.849655069658361,London,8,291,0,0,0,1,0
217,death,death,you,0.652630108635654,0.347369891364346,0.559421295253559,0.440578704746441,London,8,292,0,0,0,1,0
218,face,face,take,0.267429669526383,0.732570330473617,0.648658032495606,0.351341967504394,Empty Office Building,8,293,0,0,0,0,1
219,glass,glass,bottle,0.950306520059383,0.0496934799406168,0.644297885280727,0.355702114719273,Empty Office Building,8,296,0,0,0,0,1
220,bottle,bottle,switch,0.925320212593219,0.0746797874067815,0.258571501191276,0.741428498808724,Empty Office Building,8,297,0,0,0,0,1
221,their,their,his,0.924209685638405,0.0757903143615951,0.829212607268756,0.170787392731244,Press Conference 1,9,298,0,0,0,0,0
222,actual,actual,wife,0.762721048062293,0.237278951937707,0.332567290586662,0.667432709413338,Press Conference 1,9,299,0,0,0,0,0
223,wife,wife,talk,0.833621703206831,0.166378296793169,0.612690053026742,0.387309946973258,Press Conference 1,9,300,0,0,1,0,0
224,committed,commit,suicide,0.54275451707155,0.45724548292845,0.568012258055145,0.431987741944855,Press Conference 1,9,301,0,0,0,0,1
225,suicide,suicide,everyone,0.369424069032932,0.630575930967068,0.297731924302277,0.702268075697723,Press Conference 1,9,302,0,0,1,0,1
226,shown,show,cry,0.517827890144456,0.482172109855544,0.375549573537115,0.624450426462885,Press Conference 1,9,304,0,0,0,0,0
227,conference,conference,woman,0.731526294387098,0.268473705612902,0.314772408372311,0.685227591627689,Press Conference 1,9,306,0,0,0,0,1
228,husband,husband,happy,0.47252895607886,0.52747104392114,0.646377031577222,0.353622968422778,Press Conference 1,9,307,0,0,0,0,1
229,happy,happy,man,0.550961366099818,0.449038633900182,0.606514606270118,0.393485393729882,Press Conference 1,9,308,0,0,0,0,0
230,loved,love,his,0.650470472206422,0.349529527793578,0.660319317463236,0.339680682536764,Press Conference 1,9,309,0,0,0,0,0
231,work,work,his,0.761007226320196,0.238992773679804,0.741051788404195,0.258948211595805,Press Conference 1,9,310,0,0,0,0,0
232,makes,make,sense,0.823934736878103,0.176065263121897,0.693536113839638,0.306463886160362,Press Conference 1,9,312,0,0,0,0,0
233,sense,sense,apparently,0.627665690929528,0.372334309070472,0.64641364173496,0.35358635826504,Press Conference 1,9,313,0,0,0,0,0
234,apparently,apparently,his,0.642807290897163,0.357192709102837,0.688249526880065,0.311750473119935,Press Conference 1,9,314,0,0,0,0,0
235,mistress,mistress,stand,0.749396749318898,0.250603250681102,0.130740773173773,0.869259226826227,Press Conference 1,9,315,0,0,0,0,1
236,standing,stand,sad,0.466843530112882,0.533156469887118,0.42250694098173,0.57749305901827,Press Conference 1,9,316,0,0,0,0,0
237,sad,sad,show,0.318980369034116,0.681019630965884,0.477545440658458,0.522454559341542,Press Conference 1,9,317,0,0,0,0,0
238,shows,show,scene,0.869902361601277,0.130097638398723,0.618484553700044,0.381515446299956,Empty Office Building,9,318,0,0,0,0,0
239,floor,floor,apartment,0.865570717555179,0.134429282444821,0.606444243363577,0.393555756636423,Empty Office Building,9,319,0,0,0,0,1
240,apartment,apartment,he,0.748573583549546,0.251426416450454,0.465458154157343,0.534541845842657,Empty Office Building,9,320,0,0,0,0,0
241,dead,dead,floor,0.447030054732549,0.552969945267451,0.524065410267312,0.475934589732688,Empty Office Building,9,321,0,0,0,0,1
242,crying,cry,jump,0.292175630755006,0.707824369244994,0.35409493339493,0.64590506660507,Streets in the Rain,10,322,0,0,1,0,0
243,kids,kid,boy,0.933705100718218,0.0662948992817824,0.836628619581762,0.163371380418238,Streets in the Rain,10,323,0,0,0,0,0
244,boys,boy,guess,0.703118266158208,0.296881733841792,0.652321542290673,0.347678457709327,Streets in the Rain,10,324,0,0,1,0,1
245,late,late,teenager,0.821991973476445,0.178008026523555,0.400607519985853,0.599392480014147,Streets in the Rain,10,326,0,0,0,0,0
246,teenagers,teenager,they,0.927770840284405,0.0722291597155946,0.360690259781826,0.639309740218174,Streets in the Rain,10,327,0,0,1,1,0
247,road,road,they,0.620936797291274,0.379063202708726,0.515132449876557,0.484867550123443,Streets in the Rain,10,328,0,0,1,0,0
248,car,car,them,0.769822241445076,0.230177758554924,0.557547627092193,0.442452372907807,Streets in the Rain,10,329,0,0,1,0,0
249,street,street,cab,0.925074911829246,0.0749250881707539,0.397772364491921,0.602227635508079,Streets in the Rain,10,331,0,0,0,1,0
250,walks,walk,rain,0.726533628467658,0.273466371532342,0.448587295272953,0.551412704727047,Streets in the Rain,10,333,0,0,0,0,0
251,rain,rain,scene,0.747720293269446,0.252279706730554,0.368414842736322,0.631585157263678,Streets in the Rain,10,334,0,0,0,1,1
252,running,run,rain,0.724535310003722,0.275464689996278,0.373846402065213,0.626153597934787,Streets in the Rain,10,336,0,0,0,0,0
253,pouring,pour,rain,0.822404099760784,0.177595900239216,0.243333744923617,0.756666255076383,Streets in the Rain,10,339,0,0,0,0,0
254,umbrella,umbrella,rain,0.820186608543109,0.179813391456891,0.335039408738526,0.664960591261474,Streets in the Rain,10,341,0,0,0,0,1
255,raining,rain,hard,0.793676313850572,0.206323686149428,0.476808044305572,0.523191955694428,Streets in the Rain,10,342,0,0,0,0,0
256,hard,hard,i,0.600355859635975,0.399644140364025,0.769342932968005,0.230657067031995,Streets in the Rain,10,343,0,0,0,0,0
257,grab,grab,umbrella,0.87532685495308,0.12467314504692,0.257053365769006,0.742946634230994,Streets in the Rain,10,344,0,0,0,0,0
258,guy,guy,you,0.85781567283754,0.14218432716246,0.715898312743017,0.284101687256983,Streets in the Rain,10,345,0,0,0,0,0
259,share,share,mine,0.817468451245911,0.182531548754089,0.479446739754237,0.520553260245763,Streets in the Rain,10,346,0,0,0,0,0
260,mine,mine,he,0.850457497998461,0.149542502001539,0.556909454413513,0.443090545586487,Streets in the Rain,10,347,0,0,0,0,0
261,fine,fine,fine,1,0,1,4.44089209850063E-16,Streets in the Rain,10,348,0,0,0,0,0
262,thing,thing,him,0.913760053998951,0.0862399460010492,0.756385000817635,0.243614999182365,Sports Centre,11,349,0,0,0,0,0
263,newspaper,newspaper,eighteen,0.623453782645825,0.376546217354175,0.171291651287517,0.828708348712483,London,11,351,0,0,1,0,1
264,eighteen,eighteen,year,0.7374377831824,0.2625622168176,0.537812227661972,0.462187772338028,London,11,352,0,0,1,0,1
265,year,year,boy,0.71269113650386,0.28730886349614,0.573751706184719,0.426248293815281,London,11,353,0,0,1,0,1
266,boy,boy,commit,0.719286579101044,0.280713420898956,0.237995550509271,0.762004449490729,London,11,354,0,0,1,1,1
267,pool,pool,take,0.807730964572393,0.192269035427607,0.457297892033838,0.542702107966162,Sports Centre,11,356,0,0,0,1,1
268,similar,similar,pill,0.759986743539022,0.240013256460978,0.175975861324126,0.824024138675874,Sports Centre,11,357,0,0,0,0,0
269,headline,headline,boy,0.884440672826443,0.115559327173557,0.235247415268849,0.764752584731151,London,11,358,0,0,0,1,0
270,found,find,dead,0.015461784158692,0.984538215841308,0.634262686423269,0.365737313576731,London,11,360,0,0,0,0,0
271,heading,head,boy,0.797153252777778,0.202846747222222,0.695477381308347,0.304522618691653,London,11,363,0,0,0,0,1
272,kills,kill,himself,0.718777473597864,0.281222526402136,0.552673228844017,0.447326771155983,London,11,366,0,0,0,0,1
273,himself,himself,sport,0.554278480446078,0.445721519553922,0.28924615944107,0.71075384055893,London,11,367,0,0,0,0,1
274,sports,sport,stadium,0.768418667399183,0.231581332600817,0.259983533054825,0.740016466945175,London,11,368,0,0,0,0,1
275,stadium,stadium,point,0.867031565492826,0.132968434507174,0.263794177060007,0.736205822939993,London,11,369,0,0,0,0,1
276,string,string,successive,0.709944054573864,0.290055945426136,0.222844181799198,0.777155818200802,London,12,372,1,0,0,0,0
277,successive,successive,suicide,0.533618247849239,0.466381752150761,0.0689695727563491,0.931030427243651,London,12,373,0,0,0,0,0
278,suicides,suicide,immediately,0.527525402094472,0.472474597905528,0.341070622166434,0.658929377833566,London,12,374,1,0,0,0,0
279,immediately,immediately,suspicious,0.562761809219157,0.437238190780843,0.374004281525232,0.625995718474768,London,12,375,0,0,0,0,0
280,suspicious,suspicious,viewer,0.581609157762514,0.418390842237486,0.204845709337582,0.795154290662418,London,12,376,0,0,0,0,0
281,viewer,viewer,they,0.723557455368277,0.276442544631723,0.266517703531125,0.733482296468875,London,12,377,0,0,0,0,0
282,origins,origin,mundane,0.445534977520585,0.554465022479415,0.146466589983709,0.853533410016291,London,12,380,0,0,0,0,0
283,mundane,mundane,situation,0.732485152511011,0.267514847488989,0.32067978586114,0.67932021413886,London,12,381,1,0,0,0,0
284,situations,situation,guy,0.886201626811448,0.113798373188552,0.493655486824734,0.506344513175266,London,12,382,1,0,0,0,0
285,stop,stop,his,0.807772850251373,0.192227149748627,0.584855657084463,0.415144342915537,London,12,385,0,0,0,0,0
286,friend,friend,he,0.685348832375675,0.314651167624325,0.717584305162516,0.282415694837484,London,12,386,1,0,0,0,0
287,forget,forget,she,0.334667066622549,0.665332933377451,0.651089289646793,0.348910710353207,London,12,388,0,0,0,0,0
288,party,party,bar,0.714327795789967,0.285672204210033,0.424397695776492,0.575602304223508,London,12,390,1,0,0,0,1
289,bar,bar,them,0.74402016084484,0.25597983915516,0.448628682380209,0.551371317619791,London,12,391,1,0,0,0,0
290,commit,commit,suicide,0.54275451707155,0.45724548292845,0.568012258055145,0.431987741944855,London,12,396,1,0,0,0,0
291,back,back,john,0.754142684036496,0.245857315963504,0.536204815236064,0.463795184763936,London,12,400,0,0,0,0,0
292,final,final,crime,0.536874033731837,0.463125966268163,0.297149034605697,0.702850965394303,Party Venue,12,401,0,0,0,0,0
293,crime,crime,people,0.713488036267667,0.286511963732333,0.501757543344079,0.498242456655921,Party Venue,12,402,0,0,0,1,0
294,drinking,drink,they,0.666658629184789,0.333341370815211,0.50694778958818,0.49305221041182,Party Venue,12,405,0,0,0,1,0
295,distraught,distraught,sort,0.17714437259152,0.82285562740848,0.129565751529168,0.870434248470832,Party Venue,12,409,0,0,0,0,0
296,industrial,industrial,area,0.847703764243605,0.152296235756395,0.506987935959011,0.493012064040989,Party Venue,12,410,0,0,0,1,0
297,date,date,woman,0.943265344365023,0.056734655634977,0.470632088410212,0.529367911589788,Party Venue,12,413,0,0,0,0,0
298,january,january,twenty,0.885332530641225,0.114667469358775,0.483414705015744,0.516585294984256,Party Venue,12,414,0,0,0,0,1
299,head,head,guest,0.74561399829532,0.25438600170468,0.335402628060212,0.664597371939788,Party Venue,12,416,0,0,0,0,0
300,guest,guest,honor,0.61689255920912,0.38310744079088,0.426346534779478,0.573653465220522,Party Venue,12,417,0,0,0,0,1
301,honor,honor,people,0.353902604493506,0.646097395506494,0.482247589563169,0.517752410436831,Party Venue,12,418,0,0,0,0,0
302,white,white,woman,0.607218261576814,0.392781738423186,0.646306153205812,0.353693846794188,Party Venue,12,419,0,0,0,0,1
303,dancing,dance,you,0.719860664262832,0.280139335737168,0.423898812955957,0.576101187044043,Party Venue,12,421,0,0,0,0,1
304,call,call,your,0.665273149764464,0.334726850235536,0.702173622799315,0.297826377200685,Party Venue,12,422,0,0,0,0,0
305,keys,key,girl,0.813106521735204,0.186893478264796,0.331108718958557,0.668891281041443,Party Venue,12,424,0,0,0,0,1
306,girl,girl,woman,0.961857199709628,0.0381428002903722,0.856432398621439,0.143567601378561,Party Venue,12,425,0,0,0,0,0
307,bag,bag,point,0.908171534352091,0.091828465647909,0.315110743438781,0.684889256561219,Party Venue,12,426,0,0,0,0,1
308,sobbing,sob,point,0.258084799237001,0.741915200762999,0.0326952112011076,0.967304788798892,Party Venue,12,429,0,0,0,0,1
309,flashed,flash,news,0.809628412005756,0.190371587994244,0.335543464324685,0.664456535675315,Police Press Conference Room,13,430,0,0,0,0,0
310,previous,previous,suicide,0.700879780222592,0.299120219777408,0.352522233417978,0.647477766582022,Police Press Conference Room,13,435,0,0,0,0,0
311,involving,involve,administration,0.748458605916726,0.251541394083274,0.383120068607097,0.616879931392903,Police Press Conference Room,13,437,0,0,0,0,0
312,administration,administration,pill,0.422517204968821,0.577482795031179,0.144867242830751,0.855132757169249,Police Press Conference Room,13,438,0,0,0,0,0
313,killing,kill,themselves,0.636207480909873,0.363792519090127,0.546101005018646,0.453898994981354,Police Press Conference Room,13,441,0,1,1,0,1
314,themselves,themselves,weird,0.837654818592988,0.162345181407012,0.325696330973273,0.674303669026727,Police Press Conference Room,13,442,0,1,1,0,0
315,places,place,they,0.6637100574131,0.3362899425869,0.793335989093467,0.206664010906533,Police Press Conference Room,13,443,0,1,0,0,0
316,reason,reason,news,0.755273782369876,0.244726217630124,0.547864370773434,0.452135629226566,Police Press Conference Room,13,444,0,0,0,0,0
317,texting,texting,everyone,0.745469745999618,0.254530254000382,0.207153480805985,0.792846519194015,Police Press Conference Room,13,445,0,1,0,0,0
318,necessarily,necessarily,correct,0.666632853321491,0.333367146678509,0.607606852420071,0.392393147579929,Police Press Conference Room,13,447,0,0,0,0,0
319,correct,correct,people,0.572421284378308,0.427578715621692,0.535155342550468,0.464844657449532,Police Press Conference Room,13,448,0,0,0,0,0
320,texts,text,wrong,0.437848283397107,0.562151716602893,0.392088651174433,0.607911348825567,Police Press Conference Room,13,449,0,1,1,1,1
321,wrong,wrong,end,0.91513973439661,0.08486026560339,0.668263674796435,0.331736325203565,Police Press Conference Room,13,450,0,1,1,1,1
322,end,end,he,0.454418654182691,0.545581345817309,0.775127326830425,0.224872673169575,Police Press Conference Room,13,451,0,0,0,0,0
323,text,text,man,0.659051764673431,0.340948235326569,0.325796355708147,0.674203644291853,Police Press Conference Room,13,453,0,0,0,1,0
324,police,police,talk,0.658865991164692,0.341134008835308,0.456567003870915,0.543432996129085,Police Press Conference Room,13,455,0,0,0,0,1
325,soliciting,solicit,his,0.877033592253224,0.122966407746776,0.0995877833210842,0.900412216678916,Police Press Conference Room,13,457,0,0,0,0,0
326,involved,involve,string,0.72748273055311,0.27251726944689,0.239873160214783,0.760126839785217,Police Press Conference Room,13,458,0,0,0,0,0
327,murders,murder,he,0.656631376194345,0.343368623805655,0.432986201637436,0.567013798362564,Police Press Conference Room,13,460,0,1,1,0,1
328,front,front,he,0.717185128396137,0.282814871603863,0.700095333414769,0.299904666585231,Police Press Conference Room,13,462,0,0,0,0,0
329,panel,panel,sit,0.82779206205165,0.17220793794835,0.343586888846695,0.656413111153304,Police Press Conference Room,13,463,0,0,1,0,0
330,reporters,reporter,they,0.895941620312705,0.104058379687295,0.319988649701215,0.680011350298785,Police Press Conference Room,13,464,0,0,1,0,1
331,linked,link,reporter,0.693041089501158,0.306958910498842,0.297481354298599,0.702518645701401,Police Press Conference Room,13,466,0,0,1,0,1
332,murder,murder,he,0.656631376194345,0.343368623805655,0.432986201637436,0.567013798362564,Police Press Conference Room,13,467,0,0,1,0,0
333,agent,agent,they,0.784972585762434,0.215027414237566,0.401381750704332,0.598618249295668,Police Press Conference Room,13,469,0,0,0,0,0
334,times,time,he,0.582938581612533,0.417061418387467,0.856387113500552,0.143612886499448,Police Press Conference Room,13,472,0,0,0,0,0
335,team,team,work,0.825658624770826,0.174341375229174,0.628382656798148,0.371617343201852,Police Press Conference Room,13,473,0,0,0,0,0
336,working,work,everyone,0.744642747876973,0.255357252123027,0.726562518896052,0.273437481103948,Police Press Conference Room,13,474,0,0,0,0,0
337,feel,feel,they,0.44420472097005,0.55579527902995,0.750357061416807,0.249642938583193,Police Press Conference Room,13,475,0,0,0,0,0
338,safe,safe,everyone,0.666683355125232,0.333316644874768,0.598098230642629,0.401901769357371,Police Press Conference Room,13,476,0,0,0,0,0
339,receives,receive,he,0.691127923917519,0.308872076082481,0.420655166423786,0.579344833576214,Police Press Conference Room,13,477,0,0,0,0,0
340,chief,chief,inspector,0.93945922082253,0.0605407791774705,0.505707058122673,0.494292941877327,Police Press Conference Room,13,479,0,0,0,1,0
341,inspector,inspector,bunch,0.901396977596323,0.0986030224036771,0.0264066285598801,0.97359337144012,Police Press Conference Room,13,480,0,0,0,1,0
342,questions,question,happen,0.620885400843613,0.379114599156387,0.638818852327322,0.361181147672678,Police Press Conference Room,13,482,0,0,0,1,0
343,happened,happen,time,0.792225769407299,0.207774230592701,0.700417881509938,0.299582118490062,Police Press Conference Room,13,483,0,0,0,0,0
344,question,question,chief,0.673874192171171,0.326125807828829,0.439360590920932,0.560639409079068,Police Press Conference Room,13,484,0,0,0,0,0
345,responds,respond,they,0.910890291417972,0.0891097085820284,0.576407238714791,0.423592761285209,Police Press Conference Room,13,485,0,0,0,0,0
346,nope,no,wrong,0.800735054188381,0.199264945811619,0.749217044659888,0.250782955340112,Police Press Conference Room,13,487,0,0,0,0,0
347,finally,finally,time,0.763903320990423,0.236096679009577,0.8461883538915,0.1538116461085,Police Press Conference Room,13,489,0,0,0,0,0
348,me,me,sign,0.706766421981213,0.293233578018787,0.579457956649831,0.420542043350169,Police Press Conference Room,13,491,0,0,0,0,0
349,signed,sign,you,0.802147519833131,0.197852480166869,0.60012372866544,0.39987627133456,Police Press Conference Room,13,492,0,0,0,0,0
350,private,private,sergeant,0.739502718214864,0.260497281785136,0.125890721672883,0.874109278327117,Police Press Conference Room,13,493,0,0,0,0,0
351,sergeant,sergeant,news,0.889734604756359,0.110265395243641,0.200459428549098,0.799540571450902,Police Press Conference Room,13,494,0,0,0,0,0
352,lots,lot,supporter,0.805332483438433,0.194667516561567,0.208706171898221,0.791293828101779,Police Press Conference Room,13,495,0,0,0,0,0
353,supporters,supporter,they,0.814796941254881,0.185203058745119,0.168453146030024,0.831546853969976,Police Press Conference Room,13,496,0,0,0,0,1
354,answering,answer,question,0.881555807706085,0.118444192293915,0.883095052218615,0.116904947781385,Police Press Conference Room,13,497,0,0,0,0,0
355,linkage,linkage,death,0.340512012042777,0.659487987957223,0.0232652985602096,0.97673470143979,Police Press Conference Room,13,501,0,0,0,0,1
356,deaths,death,poison,0.861053382867331,0.138946617132669,0.330549676165705,0.669450323834295,Police Press Conference Room,13,502,0,0,0,0,1
357,poison,poison,court,0.420346322957525,0.579653677042475,0.102376239399186,0.897623760600814,Police Press Conference Room,13,503,0,0,0,0,1
358,court,court,reporter,0.888986802587805,0.111013197412195,0.341457173029907,0.658542826970093,Police Press Conference Room,13,504,0,0,0,0,1
359,link,link,suicide,0.397290403653545,0.602709596346455,0.324829470207732,0.675170529792268,Police Press Conference Room,13,506,0,0,0,0,0
360,skepticism,skepticism,suicide,0.676797025607872,0.323202974392128,0.0880853955676975,0.911914604432303,Police Press Conference Room,13,507,0,0,0,0,0
361,incompetent,incompetent,sergeant,0.612039810888228,0.387960189111772,0.0997563371992032,0.900243662800797,Police Press Conference Room,13,510,0,0,0,0,0
362,answers,answer,poison,0.390464082216398,0.609535917783602,0.187870760038135,0.812129239961865,Police Press Conference Room,13,511,0,0,0,0,0
363,phones,phone,screen,0.893381317287395,0.106618682712605,0.551982783415092,0.448017216584908,Police Press Conference Room,13,513,0,0,0,0,1
364,words,word,they,0.797146831094772,0.202853168905228,0.614940382331944,0.385059617668056,Police Press Conference Room,13,515,0,0,0,0,1
365,show,show,wrong,0.472054981775854,0.527945018224146,0.595858446268653,0.404141553731347,Police Press Conference Room,13,516,0,0,0,0,0
366,message,message,wrong,0.617125117058539,0.382874882941461,0.575557035099076,0.424442964900924,Police Press Conference Room,13,519,0,0,0,0,1
367,protect,protect,ourselves,0.588530386291158,0.411469613708842,0.565618120117299,0.434381879882701,Police Press Conference Room,13,523,0,0,0,0,1
368,commute,commute,suicide,0.71935333752719,0.28064666247281,0.094671024944308,0.905328975055692,Police Press Conference Room,13,525,0,0,0,0,0
369,implying,imply,woman,0.614372307243078,0.385627692756922,0.241258105007292,0.758741894992708,Police Press Conference Room,13,526,0,0,0,0,0
370,answer,answer,sincerity,0.398788822014578,0.601211177985422,0.293525101536867,0.706474898463133,Police Press Conference Room,13,527,0,0,0,0,0
371,sincerity,sincerity,man,0.670179069601681,0.329820930398319,0.215303485809009,0.784696514190991,Police Press Conference Room,13,528,0,0,0,0,0
372,precautions,precaution,we,0.680430409185294,0.319569590814706,0.126587411619291,0.873412588380709,Police Press Conference Room,13,529,0,0,0,0,0
373,thinks,think,ourselves,0.792671368632867,0.207328631367133,0.604125198984616,0.395874801015384,Police Press Conference Room,13,531,0,0,0,0,0
374,received,receive,text,0.666824145277932,0.333175854722068,0.400881625739742,0.599118374260258,Police Press Conference Room,13,533,0,0,0,0,0
375,ignore,ignore,she,0.279472338195347,0.720527661804653,0.451573647288628,0.548426352711372,Police Press Conference Room,13,534,0,0,0,0,1
376,annoyed,annoy,man,0.409699067003949,0.590300932996051,0.0709169807598376,0.929083019240162,Police Press Conference Room,13,535,0,0,0,0,1
377,pair,pair,walk,0.735672264696571,0.264327735303429,0.471514608061575,0.528485391938425,Police Press Conference Room,13,537,0,0,0,0,0
378,walk,walk,news,0.648329388944481,0.351670611055519,0.365416798772642,0.634583201227358,Police Press Conference Room,13,538,0,0,0,0,0
379,figure,figure,he,0.801676361946577,0.198323638053423,0.542280294228475,0.457719705771525,Police Press Conference Room,13,539,0,0,0,0,0
380,make,make,him,0.792797017424601,0.207202982575399,0.742637534495592,0.257362465504408,Police Press Conference Room,13,540,0,0,0,0,0
381,park,park,he,0.568447859514254,0.431552140485746,0.436011309875862,0.563988690124138,Russell Square Park,14,543,1,0,1,0,1
382,crutch,crutch,injury,0.813829577677697,0.186170422322303,0.101020751293504,0.898979248706496,Russell Square Park,14,545,0,0,0,0,0
383,injuries,injury,combat,0.796205536222562,0.203794463777438,0.342170252796113,0.657829747203887,Russell Square Park,14,546,0,0,0,0,0
384,stops,stop,him,0.841583529405299,0.158416470594701,0.718591561246256,0.281408438753744,Russell Square Park,14,548,1,0,0,0,0
385,reintroduces,reintroduce,himself,0.568994653417619,0.431005346582381,0.0897746379132734,0.910225362086727,Russell Square Park,14,549,1,0,1,0,1
386,excuses,excuse,himself,0.496919011415389,0.503080988584611,0.505545216890204,0.494454783109796,Russell Square Park,14,551,1,0,0,0,0
387,fat,fat,intervene,0.65060237336926,0.34939762663074,0.0112053769373626,0.988794623062637,Russell Square Park,14,552,1,0,0,0,0
388,intervening,intervene,time,0.423761704301545,0.576238295698456,0.229596364681487,0.770403635318513,Russell Square Park,14,553,0,0,0,0,0
389,past,past,man,0.719382474373574,0.280617525626426,0.666370056155221,0.333629943844779,Russell Square Park on a Bench,14,558,0,0,0,0,0
390,bench,bench,bench,1,2.22044604925031E-16,1,-4.44089209850063E-16,Russell Square Park on a Bench,14,559,0,0,0,0,0
391,recognizes,recognize,him,0.877710363483076,0.122289636516924,0.550246855144927,0.449753144855073,Russell Square Park on a Bench,14,561,0,0,0,0,0
392,mentions,mention,he,0.705818241035157,0.294181758964843,0.645337743215174,0.354662256784826,Russell Square Park on a Bench,14,563,0,0,0,0,0
393,flatmate,flat,mate,0.796791852662107,0.203208147337893,0.114200728235886,0.885799271764114,Russell Square Park on a Bench,14,564,0,0,1,0,0
394,mate,mate,man,0.822089879470617,0.177910120529383,0.375065453770577,0.624934546229423,Russell Square Park on a Bench,14,565,0,0,1,0,0
395,someone,someone,early,0.660494875449174,0.339505124550826,0.532471813009245,0.467528186990755,Russell Square Park on a Bench,14,567,0,0,0,0,0
396,earlier,early,day,0.721070467553812,0.278929532446188,0.742997135982322,0.257002864017678,Russell Square Park on a Bench,14,568,0,0,1,0,0
397,i,i,order,0.613553186834566,0.386446813165434,0.631976250555849,0.368023749444151,Russell Square Park on a Bench,14,569,0,0,0,0,0
398,order,order,scene,0.814927144513845,0.185072855486155,0.435233225863162,0.564766774136838,Russell Square Park on a Bench,14,570,0,0,0,0,0
399,scenes,scene,you,0.71479407064196,0.28520592935804,0.508593198549218,0.491406801450782,Russell Square Park on a Bench,14,571,0,0,0,0,0
400,yells,yell,john,0.561755086444517,0.438244913555483,0.109594057322196,0.890405942677804,Russell Square Park on a Bench,14,574,0,0,0,0,0
401,john,john,he,0.930404136761963,0.0695958632380373,0.586508926978151,0.413491073021849,Russell Square Park on a Bench,14,575,0,0,0,0,0
402,turns,turn,turn,1,0,1,0,Russell Square Park on a Bench,14,576,0,0,0,0,0
403,friends,friend,old,0.560664269365523,0.439335730634477,0.70652624686897,0.29347375313103,Russell Square Park on a Bench,14,577,0,0,0,0,1
404,older,old,middle,0.706738045451194,0.293261954548806,0.628849764325636,0.371150235674364,Russell Square Park on a Bench,14,578,0,0,0,0,1
405,middle,middle,age,0.765800000021385,0.234199999978615,0.613187355693603,0.386812644306397,Russell Square Park on a Bench,14,579,0,0,0,0,0
406,aged,age,man,0.913268326203396,0.0867316737966035,0.596216970254562,0.403783029745438,Russell Square Park on a Bench,14,580,0,0,0,0,0
407,slightly,slightly,chubby,0.703625310829164,0.296374689170836,0.25558545629637,0.74441454370363,Russell Square Park on a Bench,14,581,0,0,0,0,0
408,chubby,chubby,he,0.781711277073346,0.218288722926654,0.166092090977391,0.833907909022608,Russell Square Park on a Bench,14,582,0,0,0,0,1
409,calls,call,himself,0.628495741397129,0.371504258602871,0.564384569276481,0.435615430723519,Russell Square Park on a Bench,14,583,0,0,0,0,0
410,hey,hey,friend,0.700981763794787,0.299018236205213,0.615015769987405,0.384984230012595,Russell Square Park on a Bench,14,584,0,0,0,0,0
411,heard,hear,you,0.433776911919948,0.566223088080052,0.72449529903197,0.27550470096803,Russell Square Park on a Bench,14,589,0,0,0,0,0
412,shot,shoot,happen,0.622130007070679,0.377869992929321,0.460642066421578,0.539357933578422,Russell Square Park on a Bench,14,590,0,0,0,0,1
413,yourself,yourself,situate,0.791383142341953,0.208616857658047,0.122190161846181,0.877809838153819,Russell Square Park on a Bench,14,591,0,0,0,0,0
414,pension,pension,you,0.605648260308977,0.394351739691023,0.197164951206627,0.802835048793373,Russell Square Park on a Bench,14,592,0,0,0,0,1
415,live,live,you,0.767876967246917,0.232123032753083,0.689497705480595,0.310502294519405,Russell Square Park on a Bench,14,593,0,0,0,0,1
416,chuckles,chuckle,john,0.676504421408509,0.323495578591491,0.100858563858214,0.899141436141786,Russell Square Park on a Bench,14,597,0,0,0,0,0
417,person,person,tell,0.597470859742938,0.402529140257062,0.699160330366595,0.300839669633405,Russell Square Park on a Bench,14,598,0,0,0,0,0
418,told,tell,me,0.636610626329552,0.363389373670448,0.904833127899443,0.095166872100557,Russell Square Park on a Bench,14,599,0,0,0,0,1
419,today,today,switch,0.335673112617009,0.664326887382991,0.399541551509217,0.600458448490783,Russell Square Park on a Bench,14,600,0,0,0,0,1
420,morgue,morgue,he,0.45030419249118,0.54969580750882,0.157587916847982,0.842412083152018,St. Bartholomew's Hospital Laboratory,15,601,1,1,0,0,1
421,examining,examine,body,0.939186333203191,0.060813666796809,0.430758245337302,0.569241754662698,St. Bartholomew's Hospital Laboratory,15,602,1,0,0,0,1
422,bodies,body,string,0.876600852042372,0.123399147957628,0.265139230367615,0.734860769632385,St. Bartholomew's Hospital Laboratory,15,603,1,1,0,0,1
423,unrelated,unrelated,body,0.541541229973846,0.458458770026154,0.192149450285804,0.807850549714196,St. Bartholomew's Hospital Laboratory,15,604,0,0,0,0,0
424,body,body,he,0.791847131602235,0.208152868397765,0.637783456809116,0.362216543190884,St. Bartholomew's Hospital Laboratory,15,605,0,1,0,1,0
425,riding,ride,crop,0.702247577387286,0.297752422612714,0.105534999526855,0.894465000473145,St. Bartholomew's Hospital Laboratory,15,607,0,0,0,0,0
426,crop,crop,start,0.781869591266605,0.218130408733395,0.315873425901536,0.684126574098464,St. Bartholomew's Hospital Laboratory,15,608,0,0,0,0,0
427,beating,beat,body,0.688811302572636,0.311188697427364,0.37421774961511,0.62578225038489,St. Bartholomew's Hospital Laboratory,15,610,1,1,0,1,1
428,hoping,hope,bruise,-0.101164912214074,1.10116491221407,0.124923401672235,0.875076598327765,St. Bartholomew's Hospital Laboratory,15,611,0,0,0,0,0
429,bruising,bruise,guess,0.304577423390412,0.695422576609588,0.143019012414948,0.856980987585052,St. Bartholomew's Hospital Laboratory,15,612,1,1,0,1,1
430,recent,recent,he,0.898837698128758,0.101162301871242,0.598546881141961,0.401453118858039,St. Bartholomew's Hospital Laboratory,15,615,0,1,0,1,1
431,bluntly,bluntly,he,0.714348088587822,0.285651911412178,0.301124634972763,0.698875365027237,St. Bartholomew's Hospital Laboratory,15,617,0,0,0,0,0
432,remarks,remark,mortician,0.317963203908168,0.682036796091832,0.0150089000663377,0.984991099933662,St. Bartholomew's Hospital Laboratory,15,618,0,0,0,1,1
433,mortician,mortician,flirt,0.461512366588213,0.538487633411787,0.0869821982899768,0.913017801710023,St. Bartholomew's Hospital Laboratory,15,619,1,0,0,0,0
434,flirting,flirt,him,0.90944941542183,0.0905505845781696,0.225802854542288,0.774197145457712,St. Bartholomew's Hospital Laboratory,15,620,1,1,0,0,1
435,put,put,makeup,0.849835937998134,0.150164062001866,0.337666321533369,0.66233367846663,St. Bartholomew's Hospital Laboratory,15,621,0,0,0,0,0
436,makeup,makeup,she,0.770582100888133,0.229417899111867,0.343496056465379,0.656503943534621,St. Bartholomew's Hospital Laboratory,15,622,1,0,0,1,1
437,asked,ask,him,0.71899268872352,0.28100731127648,0.746117454899581,0.253882545100419,St. Bartholomew's Hospital Laboratory,15,623,0,0,0,0,1
438,interprets,interpret,you,0.645870927291457,0.354129072708543,0.351385677529735,0.648614322470265,St. Bartholomew's Hospital Laboratory,15,625,0,0,0,0,0
439,weird,weird,body,0.757714950411997,0.242285049588003,0.382203819105561,0.617796180894439,St. Bartholomew's Hospital Laboratory,15,629,0,0,0,0,0
440,hitting,hit,hit,1,2.22044604925031E-16,1,0,St. Bartholomew's Hospital Laboratory,15,631,0,1,0,0,0
441,wanted,want,coffee,0.615784512965395,0.384215487034605,0.462344759921177,0.537655240078823,St. Bartholomew's Hospital Laboratory,15,634,0,0,0,0,0
442,noticed,notice,she,0.882322898989988,0.117677101010012,0.611233684474935,0.388766315525065,St. Bartholomew's Hospital Laboratory,15,636,0,0,0,0,0
443,lipstick,lipstick,she,0.788656425483913,0.211343574516087,0.309933225606343,0.690066774393657,St. Bartholomew's Hospital Laboratory,15,637,0,1,0,0,0
444,early,early,day,0.721070467553812,0.278929532446188,0.742997135982322,0.257002864017678,St. Bartholomew's Hospital Laboratory,15,638,0,0,0,0,0
445,accepted,accept,offer,0.902484917342315,0.097515082657685,0.67285490241863,0.32714509758137,St. Bartholomew's Hospital Laboratory,15,640,0,1,0,0,1
446,offer,offer,coffee,0.706388363974043,0.293611636025957,0.395526394267293,0.604473605732706,St. Bartholomew's Hospital Laboratory,15,641,0,1,0,0,1
447,saw,see,she,0.753382619580262,0.246617380419738,0.729846303054218,0.270153696945782,St. Bartholomew's Hospital Laboratory,15,644,0,0,0,0,0
448,comments,comment,lab,0.324528404326096,0.675471595673904,0.160778907710176,0.839221092289824,St. Bartholomew's Hospital Laboratory,15,647,0,0,0,0,0
449,lab,lab,you,0.687857448808719,0.312142551191281,0.358896595548059,0.641103404451941,St. Bartholomew's Hospital Laboratory,15,648,0,0,0,1,0
450,assistant,assistant,he,0.826050870196576,0.173949129803424,0.465775667700486,0.534224332299514,St. Bartholomew's Hospital Laboratory,15,649,0,0,0,1,0
451,corpse,corpse,whip,0.699795835795006,0.300204164204994,0.100913559043158,0.899086440956842,St. Bartholomew's Hospital Laboratory,15,651,0,0,0,1,0
452,whip,whip,test,0.824276507924792,0.175723492075208,0.0349388439477747,0.965061156052225,St. Bartholomew's Hospital Laboratory,15,652,0,0,0,0,0
453,test,test,alibi,0.634253097639091,0.365746902360909,0.0119941363107879,0.988005863689212,St. Bartholomew's Hospital Laboratory,15,653,0,0,0,0,0
454,alibi,alibi,case,0.728342539873973,0.271657460126027,0.143925294237509,0.856074705762491,St. Bartholomew's Hospital Laboratory,15,654,0,0,0,0,0
455,case,case,assistant,0.78509548585263,0.21490451414737,0.437626428337314,0.562373571662686,St. Bartholomew's Hospital Laboratory,15,655,0,0,0,0,0
456,wear,wear,lipstick,0.826686651940687,0.173313348059313,0.410893667156756,0.589106332843244,St. Bartholomew's Hospital Laboratory,15,657,0,0,0,0,0
457,sees,see,comment,0.411724712351646,0.588275287648354,0.601149288969086,0.398850711030914,St. Bartholomew's Hospital Laboratory,15,660,0,0,0,0,0
458,looked,look,lipstick,0.67884946441887,0.32115053558113,0.286345852349735,0.713654147650265,St. Bartholomew's Hospital Laboratory,15,661,0,0,0,0,0
459,shots,shot,perspective,0.483392322533962,0.516607677466038,0.305361094777519,0.694638905222481,St. Bartholomew's Hospital Laboratory,15,663,0,0,0,0,0
460,perspective,perspective,corpse,0.347681664809424,0.652318335190576,0.0842703945953856,0.915729605404614,St. Bartholomew's Hospital Laboratory,15,664,0,0,0,0,0
461,tech,tech,assistant,0.91450766269379,0.0854923373062095,0.416606642599537,0.583393357400463,St. Bartholomew's Hospital Laboratory,15,667,0,0,0,0,0
462,hardcore,hardcore,reject,0.805605344379019,0.194394655620981,0.149982470143898,0.850017529856102,St. Bartholomew's Hospital Laboratory,15,674,0,0,0,0,1
463,rejects,reject,she,0.449312169895647,0.550687830104353,0.240869972252376,0.759130027747624,St. Bartholomew's Hospital Laboratory,15,675,0,0,0,0,1
464,sugar,sugar,he,0.370396009587882,0.629603990412118,0.268478263205358,0.731521736794642,St. Bartholomew's Hospital Laboratory,15,676,0,0,0,0,1
465,note,note,bruise,0.544998590523902,0.455001409476098,0.0497206980623939,0.950279301937606,St. Bartholomew's Hospital Laboratory,15,677,0,0,0,0,0
466,bruises,bruise,twenty,0.407654099806857,0.592345900193143,-0.0053996908320045,1.005399690832,St. Bartholomew's Hospital Laboratory,15,678,0,0,0,0,1
467,minutes,minute,imperative,0.575248146982352,0.424751853017648,0.0974432469984084,0.902556753001592,St. Bartholomew's Hospital Laboratory,15,679,0,0,0,0,0
468,imperative,imperative,his,0.425048913179104,0.574951086820896,0.189040176814597,0.810959823185403,St. Bartholomew's Hospital Laboratory,15,680,0,0,0,0,0
